date,description,amount,type
2026-09-01,Client Retainer - Design Sprint,45000,CREDIT
2026-09-02,Zomato - Healthy Eats,480,DEBIT
2026-09-03,Uber - Client Meeting Indiranagar,360,DEBIT
2026-09-04,Amazon - Ergonomic Laptop Stand,2199,DEBIT
2026-09-05,Netflix India Premium,649,DEBIT
2026-09-06,Swiggy Instamart Groceries,920,DEBIT
2026-09-07,Airtel Xstream Fiber Broadband,1179,DEBIT
2026-09-08,Figma Professional Subscription,1250,DEBIT
2026-09-09,Upwork USD Payout,32500,CREDIT
2026-09-10,BESCOM Electricity Bill,2140,DEBIT
2026-09-11,Cult.fit Gym Monthly,2400,DEBIT
2026-09-12,Zomato - Cafe Coffee Day,280,DEBIT
2026-09-13,Uber - Return Trip,410,DEBIT
2026-09-14,Apollo Pharmacy - Vitamins,650,DEBIT
2026-09-15,Swiggy Food Delivery,540,DEBIT
2026-09-16,Amazon - Type-C Hub & Cables,1850,DEBIT
2026-09-17,BookMyShow - IMAX Movie,950,DEBIT
2026-09-18,Razorpay Invoicing Payout,18000,CREDIT
2026-09-19,WeWork Day Pass Co-working,1100,DEBIT
2026-09-20,Zomato - Dinner with Friends,1650,DEBIT
2026-09-21,Spotify Premium Family,179,DEBIT
2026-09-22,Uber Auto,140,DEBIT
2026-09-23,Croma - Apple MacBook Display Repair,28500,DEBIT
2026-09-24,Zepto Daily Essentials,390,DEBIT
2026-09-25,Indian Oil Fuel Petrol,1500,DEBIT
2026-09-26,Zomato - Weekend Brunch,880,DEBIT
2026-09-27,GitHub Pro Copilot,820,DEBIT
2026-09-28,Swiggy Instamart,760,DEBIT
2026-09-29,Mobile Recharge Jio,399,DEBIT
2026-09-30,Society Maintenance,2800,DEBIT
